;Tweet;sentimen;step01;tokens;final_tokens;step02
0;"#NowPlaying Sekali Lagi - @isyanasarasvati @SonyMusicID  
#Indonesiaku @dms_ambon";0;hashtag now playing hashtag sekali lagi user user hashtag indonesiaku hashtag user;['hashtag', 'now', 'playing', 'hashtag', 'sekali', 'lagi', 'user', 'user', 'hashtag', 'indonesiaku', 'hashtag', 'user'];['hashtag', 'now', 'playing', 'hashtag', 'sekali', 'lagi', 'user', 'user', 'hashtag', 'indonesiaku', 'hashtag', 'user'];hashtag now playing hashtag sekali lagi user user hashtag indonesiaku hashtag user
1;woowww selalu takjublaah https://t.co/O3xV0NDdLZ;0;woowww selalu takjublaah coo3xv0nddlz;['woowww', 'selalu', 'takjublaah', 'coo3xv0nddlz'];['woowww', 'selalu', 'takjublaah', 'coo3xv0nddlz'];woowww selalu takjublaah coo3xv0nddlz
2;keren bgt sih ah blm bisa move on @isyanasarasvati https://t.co/gcx02PmOR9;0;keren bgt sih ah blm bisa move on user cogcx02pmor9;['keren', 'bgt', 'sih', 'ah', 'blm', 'bisa', 'move', 'on', 'user', 'cogcx02pmor9'];['keren', 'banget', 'sih', 'ah', 'belum', 'bisa', 'move', 'on', 'user', 'cogcx02pmor9'];keren banget sih ah belum bisa move on user cogcx02pmor9
3;RT @infoPKU: Hallo Ncik dan Puan Pekanbaru semuanya. Udah siap seru-seruan bareng di Konser #CollabonationTour Pekanbaru bareng @isyanasaraâ€¦;0;rt user hallo ncik dan puan pekanbaru semuanya udah siap seru seruan bareng di konser hashtag collabonation tour hashtag pekanbaru bareng user;['rt', 'user', 'hallo', 'ncik', 'dan', 'puan', 'pekanbaru', 'semuanya', 'udah', 'siap', 'seru', 'seruan', 'bareng', 'di', 'konser', 'hashtag', 'collabonation', 'tour', 'hashtag', 'pekanbaru', 'bareng', 'user'];['rt', 'user', 'hallo', 'ncik', 'dan', 'puan', 'pekanbaru', 'semuanya', 'sudah', 'siap', 'seru', 'seruan', 'bareng', 'di', 'konser', 'hashtag', 'collabonation', 'tour', 'hashtag', 'pekanbaru', 'bareng', 'user'];rt user hallo ncik dan puan pekanbaru semuanya sudah siap seru seruan bareng di konser hashtag collabonation tour hashtag pekanbaru bareng user
4;Hallo Ncik dan Puan Pekanbaru semuanya. Udah siap seru-seruan bareng di Konser #CollabonationTour Pekanbaru barengâ€¦ https://t.co/nGY68ZG7t9;0;hallo ncik dan puan pekanbaru semuanya udah siap seru seruan bareng di konser hashtag collabonation tour hashtag pekanbaru bareng congy68zg7t9;['hallo', 'ncik', 'dan', 'puan', 'pekanbaru', 'semuanya', 'udah', 'siap', 'seru', 'seruan', 'bareng', 'di', 'konser', 'hashtag', 'collabonation', 'tour', 'hashtag', 'pekanbaru', 'bareng', 'congy68zg7t9'];['hallo', 'ncik', 'dan', 'puan', 'pekanbaru', 'semuanya', 'sudah', 'siap', 'seru', 'seruan', 'bareng', 'di', 'konser', 'hashtag', 'collabonation', 'tour', 'hashtag', 'pekanbaru', 'bareng', 'congy68zg7t9'];hallo ncik dan puan pekanbaru semuanya sudah siap seru seruan bareng di konser hashtag collabonation tour hashtag pekanbaru bareng congy68zg7t9
5;mba @isyanasarasvati sampean keren bgt;0;mba user sampean keren bgt;['mba', 'user', 'sampean', 'keren', 'bgt'];['mbak', 'user', 'sampean', 'keren', 'banget'];mbak user sampean keren banget
6;Sama-sama Mba @isyanasarasvati https://t.co/xxXDvub3Az;0;sama sama mba user coxxxdvub3az;['sama', 'sama', 'mba', 'user', 'coxxxdvub3az'];['sama', 'sama', 'mbak', 'user', 'coxxxdvub3az'];sama sama mbak user coxxxdvub3az
7;"RT @indosatim3: #CollabonationTour akan tiba di Pekanbaru untuk rayakan Era Baru, Jaringan Baru IM3 âœ¨

Kali ini kami akan datang bersama @iâ€¦";0;rt user hashtag collabonation tour hashtag akan tiba di pekanbaru untuk rayakan era baru jaringan baru im3 kali ini kami akan datang bersama user;['rt', 'user', 'hashtag', 'collabonation', 'tour', 'hashtag', 'akan', 'tiba', 'di', 'pekanbaru', 'untuk', 'rayakan', 'era', 'baru', 'jaringan', 'baru', 'im3', 'kali', 'ini', 'kami', 'akan', 'datang', 'bersama', 'user'];['rt', 'user', 'hashtag', 'collabonation', 'tour', 'hashtag', 'akan', 'tiba', 'di', 'pekanbaru', 'untuk', 'rayakan', 'era', 'baru', 'jaringan', 'baru', 'im3', 'kali', 'ini', 'kami', 'akan', 'datang', 'bersama', 'user'];rt user hashtag collabonation tour hashtag akan tiba di pekanbaru untuk rayakan era baru jaringan baru im3 kali ini kami akan datang bersama user
8;@_Wendywalters Sekilas kek @isyanasarasvati;0;user sekilas kek user;['user', 'sekilas', 'kek', 'user'];['user', 'sekilas', 'kayak', 'user'];user sekilas kayak user
9;RT @nftkompas: Terima kasih untuk para narasumber, @dvrnt @ignharyanto @RioIndiratama yang sudah berbagi sudut pandang tentang NFT, jurnaliâ€¦;0;rt user terima kasih untuk para narasumber user user user yang sudah berbagi sudut pandang tentang nft jurnali;['rt', 'user', 'terima', 'kasih', 'untuk', 'para', 'narasumber', 'user', 'user', 'user', 'yang', 'sudah', 'berbagi', 'sudut', 'pandang', 'tentang', 'nft', 'jurnali'];['rt', 'user', 'terima', 'kasih', 'untuk', 'para', 'narasumber', 'user', 'user', 'user', 'yang', 'sudah', 'berbagi', 'sudut', 'pandang', 'tentang', 'nft', 'jurnali'];rt user terima kasih untuk para narasumber user user user yang sudah berbagi sudut pandang tentang nft jurnali
10;Terima kasih untuk para narasumber, @dvrnt @ignharyanto @RioIndiratama yang sudah berbagi sudut pandang tentang NFTâ€¦ https://t.co/QSfDRTB8C8;0;terima kasih untuk para narasumber user user user yang sudah berbagi sudut pandang tentang nft coqsfdrtb8c8;['terima', 'kasih', 'untuk', 'para', 'narasumber', 'user', 'user', 'user', 'yang', 'sudah', 'berbagi', 'sudut', 'pandang', 'tentang', 'nft', 'coqsfdrtb8c8'];['terima', 'kasih', 'untuk', 'para', 'narasumber', 'user', 'user', 'user', 'yang', 'sudah', 'berbagi', 'sudut', 'pandang', 'tentang', 'nft', 'coqsfdrtb8c8'];terima kasih untuk para narasumber user user user yang sudah berbagi sudut pandang tentang nft coqsfdrtb8c8
11;NFT dapat berperan sebagai media oleh Creator untuk menyampaikan ide dan pengembangan dari media yang sudah biasa dâ€¦ https://t.co/nP1oVgk9ZQ;0;nft dapat berperan sebagai media oleh creator untuk menyampaikan ide dan pengembangan dari media yang sudah biasa conp1ovgk9zq;['nft', 'dapat', 'berperan', 'sebagai', 'media', 'oleh', 'creator', 'untuk', 'menyampaikan', 'ide', 'dan', 'pengembangan', 'dari', 'media', 'yang', 'sudah', 'biasa', 'conp1ovgk9zq'];['nft', 'dapat', 'berperan', 'sebagai', 'media', 'oleh', 'creator', 'untuk', 'menyampaikan', 'ide', 'dan', 'pengembangan', 'dari', 'media', 'yang', 'sudah', 'biasa', 'conp1ovgk9zq'];nft dapat berperan sebagai media oleh creator untuk menyampaikan ide dan pengembangan dari media yang sudah biasa conp1ovgk9zq
12;"RT @rrq_guild: MISSION WHITELIST ISYANA?!

Isyanation mana suaranya?!! @isyanasarasvati baru aja release MY MYSTERY NFT Collection guys! Maâ€¦";0;rt user mission whitelist isyana isyanation mana suaranya user baru aja release my mystery nft collection guys ma;['rt', 'user', 'mission', 'whitelist', 'isyana', 'isyanation', 'mana', 'suaranya', 'user', 'baru', 'aja', 'release', 'my', 'mystery', 'nft', 'collection', 'guys', 'ma'];['rt', 'user', 'mission', 'whitelist', 'isyana', 'isyanation', 'mana', 'suaranya', 'user', 'baru', 'saja', 'release', 'my', 'mystery', 'nft', 'collection', 'guys', 'sama'];rt user mission whitelist isyana isyanation mana suaranya user baru saja release my mystery nft collection guys sama
13;"Like &amp; share postingan ini, kasih tau ke Isyanation lainnya ğŸ™ŒğŸ»

#PlayWithRRQGuild #GoodGuildWellPaid #RRQGuildâ€¦ https://t.co/KMW2tXhhnF";0;like share postingan ini kasih tau ke isyanation lainnya hashtag play with rrq guild hashtag hashtag good guild well paid hashtag hashtag rrq guild hashtag cokmw2txhhnf;['like', 'share', 'postingan', 'ini', 'kasih', 'tau', 'ke', 'isyanation', 'lainnya', 'hashtag', 'play', 'with', 'rrq', 'guild', 'hashtag', 'hashtag', 'good', 'guild', 'well', 'paid', 'hashtag', 'hashtag', 'rrq', 'guild', 'hashtag', 'cokmw2txhhnf'];['suka', 'share', 'postingan', 'ini', 'kasih', 'tau', 'ke', 'isyanation', 'lainnya', 'hashtag', 'play', 'with', 'rrq', 'guild', 'hashtag', 'hashtag', 'good', 'guild', 'well', 'paid', 'hashtag', 'hashtag', 'rrq', 'guild', 'hashtag', 'cokmw2txhhnf'];suka share postingan ini kasih tau ke isyanation lainnya hashtag play with rrq guild hashtag hashtag good guild well paid hashtag hashtag rrq guild hashtag cokmw2txhhnf
14;"MISSION WHITELIST ISYANA?!

Isyanation mana suaranya?!! @isyanasarasvati baru aja release MY MYSTERY NFT Collectionâ€¦ https://t.co/C6DZFfar0x";0;mission whitelist isyana isyanation mana suaranya user baru aja release my mystery nft collection coc6dzffar0x;['mission', 'whitelist', 'isyana', 'isyanation', 'mana', 'suaranya', 'user', 'baru', 'aja', 'release', 'my', 'mystery', 'nft', 'collection', 'coc6dzffar0x'];['mission', 'whitelist', 'isyana', 'isyanation', 'mana', 'suaranya', 'user', 'baru', 'saja', 'release', 'my', 'mystery', 'nft', 'collection', 'coc6dzffar0x'];mission whitelist isyana isyanation mana suaranya user baru saja release my mystery nft collection coc6dzffar0x
15;"Ari Lasso Ungkap Fakta Isyana Sarasvati Adalah Keponakannya: Ponakanku Beneran dari Ibuku
 
https://t.co/CdfYIRcuQFâ€¦ https://t.co/PGxwoe44H7";0;ari lasso ungkap fakta isyana sarasvati adalah keponakannya ponakanku beneran dari ibuku cocdfyircuqf copgxwoe44h7;['ari', 'lasso', 'ungkap', 'fakta', 'isyana', 'sarasvati', 'adalah', 'keponakannya', 'ponakanku', 'beneran', 'dari', 'ibuku', 'cocdfyircuqf', 'copgxwoe44h7'];['ari', 'lasso', 'ungkap', 'fakta', 'isyana', 'sarasvati', 'adalah', 'keponakannya', 'ponakanku', 'serius', 'dari', 'ibuku', 'cocdfyircuqf', 'copgxwoe44h7'];ari lasso ungkap fakta isyana sarasvati adalah keponakannya ponakanku serius dari ibuku cocdfyircuqf copgxwoe44h7
16;Hahhaahaha ya Allah puji Tuhan gk jadi beli.. @isyanasarasvati i lov u tp kali ini ga dulu ğŸ¥²ğŸ¥² https://t.co/M8WNRrZRBK;0;hahhaahaha ya allah puji tuhan gk jadi beli user lov tp kali ini ga dulu com8wnrrzrbk;['hahhaahaha', 'ya', 'allah', 'puji', 'tuhan', 'gk', 'jadi', 'beli', 'user', 'lov', 'tp', 'kali', 'ini', 'ga', 'dulu', 'com8wnrrzrbk'];['hahhaahaha', 'iya', 'allah', 'puji', 'tuhan', 'tidak', 'jadi', 'beli', 'user', 'lov', 'tapi', 'kali', 'ini', 'tidak', 'dulu', 'com8wnrrzrbk'];hahhaahaha iya allah puji tuhan tidak jadi beli user lov tapi kali ini tidak dulu com8wnrrzrbk
17;"#NowPlaying Tetap Dalam Jiwa - @isyanasarasvati @SonyMusicID 
#Indonesiaku @dms_ambon";0;hashtag now playing hashtag tetap dalam jiwa user user hashtag indonesiaku hashtag user;['hashtag', 'now', 'playing', 'hashtag', 'tetap', 'dalam', 'jiwa', 'user', 'user', 'hashtag', 'indonesiaku', 'hashtag', 'user'];['hashtag', 'now', 'playing', 'hashtag', 'tetap', 'dalam', 'jiwa', 'user', 'user', 'hashtag', 'indonesiaku', 'hashtag', 'user'];hashtag now playing hashtag tetap dalam jiwa user user hashtag indonesiaku hashtag user
18;@chaind27 @isyanasarasvati Lah ada padahal;0;user user lah ada padahal;['user', 'user', 'lah', 'ada', 'padahal'];['user', 'user', 'lah', 'ada', 'padahal'];user user lah ada padahal
19;@chaind27 @isyanasarasvati tadi ada awal-awal;0;user user tadi ada awal awal;['user', 'user', 'tadi', 'ada', 'awal', 'awal'];['user', 'user', 'tadi', 'ada', 'awal', 'awal'];user user tadi ada awal awal
20;@isyanasarasvati cantik banget pas duet sama Ari Lasso;0;user cantik banget pas duet sama ari lasso;['user', 'cantik', 'banget', 'pas', 'duet', 'sama', 'ari', 'lasso'];['user', 'cantik', 'banget', 'cocok', 'duet', 'sama', 'ari', 'lasso'];user cantik banget cocok duet sama ari lasso
21;2015-2016 nyanyiin ini sampai diomelin tapi gapapa i still love u kak @isyanasarasvati ğŸ˜‰ğŸ«° https://t.co/9VVr0wG74P;1;number number nyanyiin ini sampai diomelin tapi gapapa still love kak user co9vvr0wg74p;['number', 'number', 'nyanyiin', 'ini', 'sampai', 'diomelin', 'tapi', 'gapapa', 'still', 'love', 'kak', 'user', 'co9vvr0wg74p'];['number', 'number', 'nyanyiin', 'ini', 'sampai', 'diomelin', 'tapi', 'baik ', 'still', 'love', 'kak', 'user', 'co9vvr0wg74p'];number number nyanyiin ini sampai diomelin tapi baik  still love kak user co9vvr0wg74p
22;@TonightShow_NET @joylandfest @isyanasarasvati Amat sangat ingin pantengin mba Isyan goyang heboh secara langsung kâ€¦ https://t.co/KljaTiBxlf;0;user user user amat sangat ingin pantengin mba isyan goyang heboh secara langsung cokljatibxlf;['user', 'user', 'user', 'amat', 'sangat', 'ingin', 'pantengin', 'mba', 'isyan', 'goyang', 'heboh', 'secara', 'langsung', 'cokljatibxlf'];['user', 'user', 'user', 'amat', 'sangat', 'ingin', 'pantengin', 'mbak', 'isyan', 'goyang', 'heboh', 'secara', 'langsung', 'cokljatibxlf'];user user user amat sangat ingin pantengin mbak isyan goyang heboh secara langsung cokljatibxlf
23;Lagunya @isyanasarasvati untuk hati yang terluka ini enak banget ya.;0;lagunya user untuk hati yang terluka ini enak banget ya;['lagunya', 'user', 'untuk', 'hati', 'yang', 'terluka', 'ini', 'enak', 'banget', 'ya'];['lagunya', 'user', 'untuk', 'hati', 'yang', 'terluka', 'ini', 'enak', 'banget', 'iya'];lagunya user untuk hati yang terluka ini enak banget iya
24;"#NP: @isyanasarasvati &amp; @gamaliel - Ada Apa Dengan cinta l @TataleAlf - Sekarang Waktunya #VoksIndohits";0;hashtag np hashtag user user ada apa dengan cinta user sekarang waktunya hashtag voks indohits hashtag;['hashtag', 'np', 'hashtag', 'user', 'user', 'ada', 'apa', 'dengan', 'cinta', 'user', 'sekarang', 'waktunya', 'hashtag', 'voks', 'indohits', 'hashtag'];['hashtag', 'np', 'hashtag', 'user', 'user', 'ada', 'apa', 'dengan', 'cinta', 'user', 'sekarang', 'waktunya', 'hashtag', 'voks', 'indohits', 'hashtag'];hashtag np hashtag user user ada apa dengan cinta user sekarang waktunya hashtag voks indohits hashtag
25;@isyanasarasvati Kali aja ini mah. Vibesnya Isyana pas juga. Vocalnya juga kayanya bisa banget.;0;user kali aja ini mah vibesnya isyana pas juga vocalnya juga kayanya bisa banget;['user', 'kali', 'aja', 'ini', 'mah', 'vibesnya', 'isyana', 'pas', 'juga', 'vocalnya', 'juga', 'kayanya', 'bisa', 'banget'];['user', 'kali', 'saja', 'ini', 'mah', 'vibesnya', 'isyana', 'cocok', 'juga', 'vocalnya', 'juga', 'kayanya', 'bisa', 'banget'];user kali saja ini mah vibesnya isyana cocok juga vocalnya juga kayanya bisa banget
26;Tot Musica nya Ado kalo dinyanyiin @isyanasarasvati sepertinya menarik. https://t.co/IVSEdFRyzb;0;tot musica nya ado kalo dinyanyiin user sepertinya menarik coivsedfryzb;['tot', 'musica', 'nya', 'ado', 'kalo', 'dinyanyiin', 'user', 'sepertinya', 'menarik', 'coivsedfryzb'];['tot', 'musica', 'nya', 'ado', 'kalau', 'dinyanyiin', 'user', 'sepertinya', 'menarik', 'coivsedfryzb'];tot musica nya ado kalau dinyanyiin user sepertinya menarik coivsedfryzb
27;@TonightShow_NET @joylandfest Pengen banget nonton live perform nya The Adams karena ngefans mereka sejak nonton Jaâ€¦ https://t.co/pi5PCA0VbG;1;user user pengen banget nonton live perform nya the adams karena ngefans mereka sejak nonton ja copi5pca0vbg;['user', 'user', 'pengen', 'banget', 'nonton', 'live', 'perform', 'nya', 'the', 'adams', 'karena', 'ngefans', 'mereka', 'sejak', 'nonton', 'ja', 'copi5pca0vbg'];['user', 'user', 'ingin', 'banget', 'nonton', 'live', 'perform', 'nya', 'the', 'adams', 'karena', 'ngefans', 'mereka', 'sejak', 'nonton', 'ja', 'copi5pca0vbg'];user user ingin banget nonton live perform nya the adams karena ngefans mereka sejak nonton ja copi5pca0vbg
28;"@TonightShow_NET @joylandfest @JP_5ecretNumber @yurayunita @isyanasarasvati 
BINTANG YANG KEREN GA ADA TANDING";0;user user user user user bintang yang keren ga ada tanding;['user', 'user', 'user', 'user', 'user', 'bintang', 'yang', 'keren', 'ga', 'ada', 'tanding'];['user', 'user', 'user', 'user', 'user', 'bintang', 'yang', 'keren', 'tidak', 'ada', 'tanding'];user user user user user bintang yang keren tidak ada tanding
29;"RT @isyanasarasvati: Yukk ngobrol lagi! Hari ini aku akan live dengan PINTU di Youtube jam 17:00, seee you guys ğŸ¥°

https://t.co/p1OP6ktbe6â€¦";1;rt user yukk ngobrol lagi hari ini aku akan live dengan pintu di youtube jam time seee you guys cop1op6ktbe6;['rt', 'user', 'yukk', 'ngobrol', 'lagi', 'hari', 'ini', 'aku', 'akan', 'live', 'dengan', 'pintu', 'di', 'youtube', 'jam', 'time', 'seee', 'you', 'guys', 'cop1op6ktbe6'];['rt', 'user', 'yukk', 'ngobrol', 'lagi', 'hari', 'ini', 'aku', 'akan', 'live', 'dengan', 'pintu', 'di', 'youtube', 'jam', 'time', 'seee', 'you', 'guys', 'cop1op6ktbe6'];rt user yukk ngobrol lagi hari ini aku akan live dengan pintu di youtube jam time seee you guys cop1op6ktbe6
30;@RioIndiratama @isyanasarasvati @idnft_ Jadi dilema, belanja apa hold ğŸ˜‚ğŸ˜‚ğŸ˜‚;0;user user user jadi dilema belanja apa hold;['user', 'user', 'user', 'jadi', 'dilema', 'belanja', 'apa', 'hold'];['user', 'user', 'user', 'jadi', 'dilema', 'belanja', 'apa', 'hold'];user user user jadi dilema belanja apa hold
31;@RioIndiratama @isyanasarasvati @idnft_ ğŸ„moooooo moooo ğŸµğŸ¶ nyanyian memanggil BULL market ğŸ˜‚;0;user user user moooooo moooo nyanyian memanggil bull market;['user', 'user', 'user', 'moooooo', 'moooo', 'nyanyian', 'memanggil', 'bull', 'market'];['user', 'user', 'user', 'moooooo', 'moooo', 'nyanyian', 'memanggil', 'bull', 'market'];user user user moooooo moooo nyanyian memanggil bull market
32;@ONEBULLNODE @isyanasarasvati @idnft_ Tunjukkan talenta om Bull di event Karaoke night atau game night juga ğŸ¤­ğŸ™Œ;-1;user user user tunjukkan talenta om bull di event karaoke night atau game night juga;['user', 'user', 'user', 'tunjukkan', 'talenta', 'om', 'bull', 'di', 'event', 'karaoke', 'night', 'atau', 'game', 'night', 'juga'];['user', 'user', 'user', 'tunjukkan', 'talenta', 'om', 'bull', 'di', 'event', 'karaoke', 'night', 'atau', 'game', 'night', 'juga'];user user user tunjukkan talenta om bull di event karaoke night atau game night juga
33;@RioIndiratama @isyanasarasvati @idnft_ Bisanya cuma retweet ğŸ˜‚, gak bisa bikin sticker ato meme ğŸ¥²;0;user user user bisanya cuma retweet gak bisa bikin sticker ato meme;['user', 'user', 'user', 'bisanya', 'cuma', 'retweet', 'gak', 'bisa', 'bikin', 'sticker', 'ato', 'meme'];['user', 'user', 'user', 'bisanya', 'cuma', 'retweet', 'tidak', 'bisa', 'membuat', 'sticker', 'ato', 'meme'];user user user bisanya cuma retweet tidak bisa membuat sticker ato meme
34;@ONEBULLNODE @isyanasarasvati @idnft_ yuk ikutin salah-satu eventnya om Bull ğŸ˜„;0;user user user yuk ikutin salah satu eventnya om bull;['user', 'user', 'user', 'yuk', 'ikutin', 'salah', 'satu', 'eventnya', 'om', 'bull'];['user', 'user', 'user', 'ayo', 'ikutin', 'salah', 'satu', 'eventnya', 'om', 'bull'];user user user ayo ikutin salah satu eventnya om bull
35;"[271016] @TheOvertunes - Instagram post

Urang bandung sadayana hatur nuhun atosan ngaramekeun M&amp;G #Y2koustic bersaâ€¦ https://t.co/GW4z3v4Fn4";0;number user instagram post urang bandung sadayana hatur nuhun atosan ngaramekeun hashtag 2 koustic hashtag bersa cogw4z3v4fn4;['number', 'user', 'instagram', 'post', 'urang', 'bandung', 'sadayana', 'hatur', 'nuhun', 'atosan', 'ngaramekeun', 'hashtag', '2', 'koustic', 'hashtag', 'bersa', 'cogw4z3v4fn4'];['number', 'user', 'instagram', 'post', 'urang', 'bandung', 'sadayana', 'hatur', 'nuhun', 'atosan', 'ngaramekeun', 'hashtag', '2', 'koustic', 'hashtag', 'bersa', 'cogw4z3v4fn4'];number user instagram post urang bandung sadayana hatur nuhun atosan ngaramekeun hashtag 2 koustic hashtag bersa cogw4z3v4fn4
36;Menanti WL lahâ€¦ ğŸ˜ğŸ’™ @isyanasarasvati @idnft_ https://t.co/gkp2w53WUw https://t.co/d9k1yPcXON;0;menanti wl lah user user cogkp2w53wuw cod9k1ypcxon;['menanti', 'wl', 'lah', 'user', 'user', 'cogkp2w53wuw', 'cod9k1ypcxon'];['menanti', 'wl', 'lah', 'user', 'user', 'cogkp2w53wuw', 'cod9k1ypcxon'];menanti wl lah user user cogkp2w53wuw cod9k1ypcxon
37;mmf tp kami sekelas ngakak bgt pas bagian ini ğŸ˜­ dan ak tiba2 bayangin kak @isyanasarasvati dgn kebelibetannya ketikâ€¦ https://t.co/Ufy4V8lJQW;0;mmf tp kami sekelas ngakak bgt pas bagian ini dan ak tiba2 bayangin kak user dgn kebelibetannya ketik coufy4v8ljqw;['mmf', 'tp', 'kami', 'sekelas', 'ngakak', 'bgt', 'pas', 'bagian', 'ini', 'dan', 'ak', 'tiba2', 'bayangin', 'kak', 'user', 'dgn', 'kebelibetannya', 'ketik', 'coufy4v8ljqw'];['mmf', 'tapi', 'kami', 'sekelas', 'ngakak', 'banget', 'cocok', 'bagian', 'ini', 'dan', 'aku', 'tiba2', 'bayangkan', 'kak', 'user', 'dengan', 'kebelibetannya', 'ketik', 'coufy4v8ljqw'];mmf tapi kami sekelas ngakak banget cocok bagian ini dan aku tiba2 bayangkan kak user dengan kebelibetannya ketik coufy4v8ljqw
38;#ReqPlaying Terpesona @isyanasarasvati on #KHB;0;hashtag req playing hashtag terpesona user on hashtag khb hashtag;['hashtag', 'req', 'playing', 'hashtag', 'terpesona', 'user', 'on', 'hashtag', 'khb', 'hashtag'];['hashtag', 'req', 'playing', 'hashtag', 'terpesona', 'user', 'on', 'hashtag', 'khb', 'hashtag'];hashtag req playing hashtag terpesona user on hashtag khb hashtag
39;"Now playing ""Isyana Sarasvati - Tetap Dalam Jiwa"" on channel NBS Radio. Listen it on Dailymate Radio atâ€¦ https://t.co/Wpu3FgPCr7";0;now playing isyana sarasvati tetap dalam jiwa on channel nbs radio listen it on dailymate radio at cowpu3fgpcr7;['now', 'playing', 'isyana', 'sarasvati', 'tetap', 'dalam', 'jiwa', 'on', 'channel', 'nbs', 'radio', 'listen', 'it', 'on', 'dailymate', 'radio', 'at', 'cowpu3fgpcr7'];['now', 'playing', 'isyana', 'sarasvati', 'tetap', 'dalam', 'jiwa', 'on', 'saluran', 'nbs', 'radio', 'listen', 'it', 'on', 'dailymate', 'radio', 'at', 'cowpu3fgpcr7'];now playing isyana sarasvati tetap dalam jiwa on saluran nbs radio listen it on dailymate radio at cowpu3fgpcr7
40;Duet sama @isyanasarasvati  sama @raisa6690  kayaknya seru bahas Perspektif mereka tentang musik indonesia pakâ€¦ https://t.co/po5uwsgE9d;0;duet sama user sama user kayaknya seru bahas perspektif mereka tentang musik indonesia pak copo5uwsge9d;['duet', 'sama', 'user', 'sama', 'user', 'kayaknya', 'seru', 'bahas', 'perspektif', 'mereka', 'tentang', 'musik', 'indonesia', 'pak', 'copo5uwsge9d'];['duet', 'sama', 'user', 'sama', 'user', 'kayaknya', 'seru', 'bahas', 'perspektif', 'mereka', 'tentang', 'musik', 'indonesia', 'pak', 'copo5uwsge9d'];duet sama user sama user kayaknya seru bahas perspektif mereka tentang musik indonesia pak copo5uwsge9d
41;"#RELIEF #RequestLaguIndonesiaFavorite
w/@awan_badroe #Memutar

@isyanasarasvati - Tetap Dalam Jiwa @SonyMusicIDâ€¦ https://t.co/m7Wmwr5PW5";0;hashtag relief hashtag hashtag request lagu indonesia favorite hashtag user hashtag memutar hashtag user tetap dalam jiwa user com7wmwr5pw5;['hashtag', 'relief', 'hashtag', 'hashtag', 'request', 'lagu', 'indonesia', 'favorite', 'hashtag', 'user', 'hashtag', 'memutar', 'hashtag', 'user', 'tetap', 'dalam', 'jiwa', 'user', 'com7wmwr5pw5'];['hashtag', 'relief', 'hashtag', 'hashtag', 'request', 'lagu', 'indonesia', 'favorite', 'hashtag', 'user', 'hashtag', 'memutar', 'hashtag', 'user', 'tetap', 'dalam', 'jiwa', 'user', 'com7wmwr5pw5'];hashtag relief hashtag hashtag request lagu indonesia favorite hashtag user hashtag memutar hashtag user tetap dalam jiwa user com7wmwr5pw5
42;"RT @isyanasarasvati: Yukk ngobrol lagi! Hari ini aku akan live dengan PINTU di Youtube jam 17:00, seee you guys ğŸ¥°

https://t.co/p1OP6ktbe6â€¦";1;rt user yukk ngobrol lagi hari ini aku akan live dengan pintu di youtube jam time seee you guys cop1op6ktbe6;['rt', 'user', 'yukk', 'ngobrol', 'lagi', 'hari', 'ini', 'aku', 'akan', 'live', 'dengan', 'pintu', 'di', 'youtube', 'jam', 'time', 'seee', 'you', 'guys', 'cop1op6ktbe6'];['rt', 'user', 'yukk', 'ngobrol', 'lagi', 'hari', 'ini', 'aku', 'akan', 'live', 'dengan', 'pintu', 'di', 'youtube', 'jam', 'time', 'seee', 'you', 'guys', 'cop1op6ktbe6'];rt user yukk ngobrol lagi hari ini aku akan live dengan pintu di youtube jam time seee you guys cop1op6ktbe6
43;"RT @isyanasarasvati: Yukk ngobrol lagi! Hari ini aku akan live dengan PINTU di Youtube jam 17:00, seee you guys ğŸ¥°

https://t.co/p1OP6ktbe6â€¦";1;rt user yukk ngobrol lagi hari ini aku akan live dengan pintu di youtube jam time seee you guys cop1op6ktbe6;['rt', 'user', 'yukk', 'ngobrol', 'lagi', 'hari', 'ini', 'aku', 'akan', 'live', 'dengan', 'pintu', 'di', 'youtube', 'jam', 'time', 'seee', 'you', 'guys', 'cop1op6ktbe6'];['rt', 'user', 'yukk', 'ngobrol', 'lagi', 'hari', 'ini', 'aku', 'akan', 'live', 'dengan', 'pintu', 'di', 'youtube', 'jam', 'time', 'seee', 'you', 'guys', 'cop1op6ktbe6'];rt user yukk ngobrol lagi hari ini aku akan live dengan pintu di youtube jam time seee you guys cop1op6ktbe6
44;@isyanasarasvati Keren nftnya ğŸ‘  di tunggu nft keren lainnya;0;user keren nftnya di tunggu nft keren lainnya;['user', 'keren', 'nftnya', 'di', 'tunggu', 'nft', 'keren', 'lainnya'];['user', 'keren', 'nftnya', 'di', 'tunggu', 'nft', 'keren', 'lainnya'];user keren nftnya di tunggu nft keren lainnya
45;"RT @isyanasarasvati: Yukk ngobrol lagi! Hari ini aku akan live dengan PINTU di Youtube jam 17:00, seee you guys ğŸ¥°

https://t.co/p1OP6ktbe6â€¦";1;rt user yukk ngobrol lagi hari ini aku akan live dengan pintu di youtube jam time seee you guys cop1op6ktbe6;['rt', 'user', 'yukk', 'ngobrol', 'lagi', 'hari', 'ini', 'aku', 'akan', 'live', 'dengan', 'pintu', 'di', 'youtube', 'jam', 'time', 'seee', 'you', 'guys', 'cop1op6ktbe6'];['rt', 'user', 'yukk', 'ngobrol', 'lagi', 'hari', 'ini', 'aku', 'akan', 'live', 'dengan', 'pintu', 'di', 'youtube', 'jam', 'time', 'seee', 'you', 'guys', 'cop1op6ktbe6'];rt user yukk ngobrol lagi hari ini aku akan live dengan pintu di youtube jam time seee you guys cop1op6ktbe6
46;Vidi Aldiano dan Isyana Sarasvati Alami Kejadian Horor Saat Nginap di Bali #VidiAldiano #IsyanaSarasvatiâ€¦ https://t.co/J6MZPNQ8Ee;0;vidi aldiano dan isyana sarasvati alami kejadian horor saat nginap di bali hashtag vidi aldiano hashtag hashtag isyana sarasvati hashtag coj6mzpnq8ee;['vidi', 'aldiano', 'dan', 'isyana', 'sarasvati', 'alami', 'kejadian', 'horor', 'saat', 'nginap', 'di', 'bali', 'hashtag', 'vidi', 'aldiano', 'hashtag', 'hashtag', 'isyana', 'sarasvati', 'hashtag', 'coj6mzpnq8ee'];['vidi', 'aldiano', 'dan', 'isyana', 'sarasvati', 'alami', 'kejadian', 'horor', 'saat', 'nginap', 'di', 'bali', 'hashtag', 'vidi', 'aldiano', 'hashtag', 'hashtag', 'isyana', 'sarasvati', 'hashtag', 'coj6mzpnq8ee'];vidi aldiano dan isyana sarasvati alami kejadian horor saat nginap di bali hashtag vidi aldiano hashtag hashtag isyana sarasvati hashtag coj6mzpnq8ee
47;@isyanasarasvati Wow keren bngt ini epic beda dari pda lainnya kak isyana ğŸ˜;1;user wow keren bngt ini epic beda dari pda lainnya kak isyana;['user', 'wow', 'keren', 'bngt', 'ini', 'epic', 'beda', 'dari', 'pda', 'lainnya', 'kak', 'isyana'];['user', 'wow', 'keren', 'bngt', 'ini', 'epic', 'beda', 'dari', 'pda', 'lainnya', 'kak', 'isyana'];user wow keren bngt ini epic beda dari pda lainnya kak isyana
48;@neddbula @isyanasarasvati mantep ni ada efek rumah kaca;0;user user mantep ni ada efek rumah kaca;['user', 'user', 'mantep', 'ni', 'ada', 'efek', 'rumah', 'kaca'];['user', 'user', 'bagus', 'ini', 'ada', 'efek', 'rumah', 'kaca'];user user bagus ini ada efek rumah kaca
49;"RT @isyanasarasvati: Yukk ngobrol lagi! Hari ini aku akan live dengan PINTU di Youtube jam 17:00, seee you guys ğŸ¥°

https://t.co/p1OP6ktbe6â€¦";1;rt user yukk ngobrol lagi hari ini aku akan live dengan pintu di youtube jam time seee you guys cop1op6ktbe6;['rt', 'user', 'yukk', 'ngobrol', 'lagi', 'hari', 'ini', 'aku', 'akan', 'live', 'dengan', 'pintu', 'di', 'youtube', 'jam', 'time', 'seee', 'you', 'guys', 'cop1op6ktbe6'];['rt', 'user', 'yukk', 'ngobrol', 'lagi', 'hari', 'ini', 'aku', 'akan', 'live', 'dengan', 'pintu', 'di', 'youtube', 'jam', 'time', 'seee', 'you', 'guys', 'cop1op6ktbe6'];rt user yukk ngobrol lagi hari ini aku akan live dengan pintu di youtube jam time seee you guys cop1op6ktbe6
50;"RT @isyanasarasvati: Yukk ngobrol lagi! Hari ini aku akan live dengan PINTU di Youtube jam 17:00, seee you guys ğŸ¥°

https://t.co/p1OP6ktbe6â€¦";1;rt user yukk ngobrol lagi hari ini aku akan live dengan pintu di youtube jam time seee you guys cop1op6ktbe6;['rt', 'user', 'yukk', 'ngobrol', 'lagi', 'hari', 'ini', 'aku', 'akan', 'live', 'dengan', 'pintu', 'di', 'youtube', 'jam', 'time', 'seee', 'you', 'guys', 'cop1op6ktbe6'];['rt', 'user', 'yukk', 'ngobrol', 'lagi', 'hari', 'ini', 'aku', 'akan', 'live', 'dengan', 'pintu', 'di', 'youtube', 'jam', 'time', 'seee', 'you', 'guys', 'cop1op6ktbe6'];rt user yukk ngobrol lagi hari ini aku akan live dengan pintu di youtube jam time seee you guys cop1op6ktbe6
51;"RT @isyanasarasvati: Yukk ngobrol lagi! Hari ini aku akan live dengan PINTU di Youtube jam 17:00, seee you guys ğŸ¥°

https://t.co/p1OP6ktbe6â€¦";1;rt user yukk ngobrol lagi hari ini aku akan live dengan pintu di youtube jam time seee you guys cop1op6ktbe6;['rt', 'user', 'yukk', 'ngobrol', 'lagi', 'hari', 'ini', 'aku', 'akan', 'live', 'dengan', 'pintu', 'di', 'youtube', 'jam', 'time', 'seee', 'you', 'guys', 'cop1op6ktbe6'];['rt', 'user', 'yukk', 'ngobrol', 'lagi', 'hari', 'ini', 'aku', 'akan', 'live', 'dengan', 'pintu', 'di', 'youtube', 'jam', 'time', 'seee', 'you', 'guys', 'cop1op6ktbe6'];rt user yukk ngobrol lagi hari ini aku akan live dengan pintu di youtube jam time seee you guys cop1op6ktbe6
52;"RT @BybitIndonesia: ğŸ”¥ Koleksi NFT spesial dari @hmxnft dan musisi terbaik Indonesia @isyanasarasvati segera hadir di Bybit!

ğŸ˜ Hanya 0,055â€¦";0;rt user koleksi nft spesial dari user dan musisi terbaik indonesia user segera hadir di bybit hanya number;['rt', 'user', 'koleksi', 'nft', 'spesial', 'dari', 'user', 'dan', 'musisi', 'terbaik', 'indonesia', 'user', 'segera', 'hadir', 'di', 'bybit', 'hanya', 'number'];['rt', 'user', 'koleksi', 'nft', 'spesial', 'dari', 'user', 'dan', 'musisi', 'terbaik', 'indonesia', 'user', 'segera', 'hadir', 'di', 'bybit', 'hanya', 'number'];rt user koleksi nft spesial dari user dan musisi terbaik indonesia user segera hadir di bybit hanya number
53;"ğŸ”¥ Koleksi NFT spesial dari @hmxnft dan musisi terbaik Indonesia @isyanasarasvati segera hadir di Bybit!

ğŸ˜ Hanya 0,â€¦ https://t.co/1zsqBBdEvu";0;koleksi nft spesial dari user dan musisi terbaik indonesia user segera hadir di bybit hanya number co1zsqbbdevu;['koleksi', 'nft', 'spesial', 'dari', 'user', 'dan', 'musisi', 'terbaik', 'indonesia', 'user', 'segera', 'hadir', 'di', 'bybit', 'hanya', 'number', 'co1zsqbbdevu'];['koleksi', 'nft', 'spesial', 'dari', 'user', 'dan', 'musisi', 'terbaik', 'indonesia', 'user', 'segera', 'hadir', 'di', 'bybit', 'hanya', 'number', 'co1zsqbbdevu'];koleksi nft spesial dari user dan musisi terbaik indonesia user segera hadir di bybit hanya number co1zsqbbdevu
54;"RT @isyanasarasvati: Yukk ngobrol lagi! Hari ini aku akan live dengan PINTU di Youtube jam 17:00, seee you guys ğŸ¥°

https://t.co/p1OP6ktbe6â€¦";1;rt user yukk ngobrol lagi hari ini aku akan live dengan pintu di youtube jam time seee you guys cop1op6ktbe6;['rt', 'user', 'yukk', 'ngobrol', 'lagi', 'hari', 'ini', 'aku', 'akan', 'live', 'dengan', 'pintu', 'di', 'youtube', 'jam', 'time', 'seee', 'you', 'guys', 'cop1op6ktbe6'];['rt', 'user', 'yukk', 'ngobrol', 'lagi', 'hari', 'ini', 'aku', 'akan', 'live', 'dengan', 'pintu', 'di', 'youtube', 'jam', 'time', 'seee', 'you', 'guys', 'cop1op6ktbe6'];rt user yukk ngobrol lagi hari ini aku akan live dengan pintu di youtube jam time seee you guys cop1op6ktbe6
55;"RT @isyanasarasvati: Yukk ngobrol lagi! Hari ini aku akan live dengan PINTU di Youtube jam 17:00, seee you guys ğŸ¥°

https://t.co/p1OP6ktbe6â€¦";1;rt user yukk ngobrol lagi hari ini aku akan live dengan pintu di youtube jam time seee you guys cop1op6ktbe6;['rt', 'user', 'yukk', 'ngobrol', 'lagi', 'hari', 'ini', 'aku', 'akan', 'live', 'dengan', 'pintu', 'di', 'youtube', 'jam', 'time', 'seee', 'you', 'guys', 'cop1op6ktbe6'];['rt', 'user', 'yukk', 'ngobrol', 'lagi', 'hari', 'ini', 'aku', 'akan', 'live', 'dengan', 'pintu', 'di', 'youtube', 'jam', 'time', 'seee', 'you', 'guys', 'cop1op6ktbe6'];rt user yukk ngobrol lagi hari ini aku akan live dengan pintu di youtube jam time seee you guys cop1op6ktbe6
56;"RT @isyanasarasvati: Yukk ngobrol lagi! Hari ini aku akan live dengan PINTU di Youtube jam 17:00, seee you guys ğŸ¥°

https://t.co/p1OP6ktbe6â€¦";1;rt user yukk ngobrol lagi hari ini aku akan live dengan pintu di youtube jam time seee you guys cop1op6ktbe6;['rt', 'user', 'yukk', 'ngobrol', 'lagi', 'hari', 'ini', 'aku', 'akan', 'live', 'dengan', 'pintu', 'di', 'youtube', 'jam', 'time', 'seee', 'you', 'guys', 'cop1op6ktbe6'];['rt', 'user', 'yukk', 'ngobrol', 'lagi', 'hari', 'ini', 'aku', 'akan', 'live', 'dengan', 'pintu', 'di', 'youtube', 'jam', 'time', 'seee', 'you', 'guys', 'cop1op6ktbe6'];rt user yukk ngobrol lagi hari ini aku akan live dengan pintu di youtube jam time seee you guys cop1op6ktbe6
57;"RT @isyanasarasvati: Yukk ngobrol lagi! Hari ini aku akan live dengan PINTU di Youtube jam 17:00, seee you guys ğŸ¥°

https://t.co/p1OP6ktbe6â€¦";1;rt user yukk ngobrol lagi hari ini aku akan live dengan pintu di youtube jam time seee you guys cop1op6ktbe6;['rt', 'user', 'yukk', 'ngobrol', 'lagi', 'hari', 'ini', 'aku', 'akan', 'live', 'dengan', 'pintu', 'di', 'youtube', 'jam', 'time', 'seee', 'you', 'guys', 'cop1op6ktbe6'];['rt', 'user', 'yukk', 'ngobrol', 'lagi', 'hari', 'ini', 'aku', 'akan', 'live', 'dengan', 'pintu', 'di', 'youtube', 'jam', 'time', 'seee', 'you', 'guys', 'cop1op6ktbe6'];rt user yukk ngobrol lagi hari ini aku akan live dengan pintu di youtube jam time seee you guys cop1op6ktbe6
58;"RT @isyanasarasvati: Yukk ngobrol lagi! Hari ini aku akan live dengan PINTU di Youtube jam 17:00, seee you guys ğŸ¥°

https://t.co/p1OP6ktbe6â€¦";1;rt user yukk ngobrol lagi hari ini aku akan live dengan pintu di youtube jam time seee you guys cop1op6ktbe6;['rt', 'user', 'yukk', 'ngobrol', 'lagi', 'hari', 'ini', 'aku', 'akan', 'live', 'dengan', 'pintu', 'di', 'youtube', 'jam', 'time', 'seee', 'you', 'guys', 'cop1op6ktbe6'];['rt', 'user', 'yukk', 'ngobrol', 'lagi', 'hari', 'ini', 'aku', 'akan', 'live', 'dengan', 'pintu', 'di', 'youtube', 'jam', 'time', 'seee', 'you', 'guys', 'cop1op6ktbe6'];rt user yukk ngobrol lagi hari ini aku akan live dengan pintu di youtube jam time seee you guys cop1op6ktbe6
59;@isyanasarasvati sumpah keren bngt kak nftnya, yang pake kacamata kece;0;user sumpah keren bngt kak nftnya yang pake kacamata kece;['user', 'sumpah', 'keren', 'bngt', 'kak', 'nftnya', 'yang', 'pake', 'kacamata', 'kece'];['user', 'sumpah', 'keren', 'bngt', 'kak', 'nftnya', 'yang', 'pakai', 'kacamata', 'kece'];user sumpah keren bngt kak nftnya yang pakai kacamata kece
60;"RT @isyanasarasvati: Yukk ngobrol lagi! Hari ini aku akan live dengan PINTU di Youtube jam 17:00, seee you guys ğŸ¥°

https://t.co/p1OP6ktbe6â€¦";1;rt user yukk ngobrol lagi hari ini aku akan live dengan pintu di youtube jam time seee you guys cop1op6ktbe6;['rt', 'user', 'yukk', 'ngobrol', 'lagi', 'hari', 'ini', 'aku', 'akan', 'live', 'dengan', 'pintu', 'di', 'youtube', 'jam', 'time', 'seee', 'you', 'guys', 'cop1op6ktbe6'];['rt', 'user', 'yukk', 'ngobrol', 'lagi', 'hari', 'ini', 'aku', 'akan', 'live', 'dengan', 'pintu', 'di', 'youtube', 'jam', 'time', 'seee', 'you', 'guys', 'cop1op6ktbe6'];rt user yukk ngobrol lagi hari ini aku akan live dengan pintu di youtube jam time seee you guys cop1op6ktbe6
61;Yukk ngobrol lagi! Hari ini aku akan live dengan PINTU di Youtube jam 17:00, seee you guys ğŸ¥°â€¦ https://t.co/pHUjqtKlTg;1;yukk ngobrol lagi hari ini aku akan live dengan pintu di youtube jam time seee you guys cophujqtkltg;['yukk', 'ngobrol', 'lagi', 'hari', 'ini', 'aku', 'akan', 'live', 'dengan', 'pintu', 'di', 'youtube', 'jam', 'time', 'seee', 'you', 'guys', 'cophujqtkltg'];['yukk', 'ngobrol', 'lagi', 'hari', 'ini', 'aku', 'akan', 'live', 'dengan', 'pintu', 'di', 'youtube', 'jam', 'time', 'seee', 'you', 'guys', 'cophujqtkltg'];yukk ngobrol lagi hari ini aku akan live dengan pintu di youtube jam time seee you guys cophujqtkltg
62;@isyanasarasvati maen2 sinilah https://t.co/KVO6niDIwL;0;user maen2 sinilah cokvo6nidiwl;['user', 'maen2', 'sinilah', 'cokvo6nidiwl'];['user', 'maen2', 'sinilah', 'cokvo6nidiwl'];user maen2 sinilah cokvo6nidiwl
63;@Ikmal_s_l @henry_e_s @XionTydza Ngarep dapet WL si @isyanasarasvati akuh om ğŸ˜;0;user user user ngarep dapet wl si user akuh om;['user', 'user', 'user', 'ngarep', 'dapet', 'wl', 'si', 'user', 'akuh', 'om'];['user', 'user', 'user', 'ngarep', 'mendapat', 'wl', 'sih', 'user', 'akuh', 'om'];user user user ngarep mendapat wl sih user akuh om
64;@omponxxx @Bybit_NFT @isyanasarasvati @sitompulfahmi @beans57beans Ke depak berapa um skrg? Tak ada di rank 10 nama mu;-1;user user user user user ke depak berapa um skrg tak ada di rank number nama mu;['user', 'user', 'user', 'user', 'user', 'ke', 'depak', 'berapa', 'um', 'skrg', 'tak', 'ada', 'di', 'rank', 'number', 'nama', 'mu'];['user', 'user', 'user', 'user', 'user', 'ke', 'depak', 'berapa', 'um', 'sekarang', 'tak', 'ada', 'di', 'rank', 'number', 'nama', 'mu'];user user user user user ke depak berapa um sekarang tak ada di rank number nama mu
65;@lailatulllll @Bybit_NFT @isyanasarasvati @sitompulfahmi @beans57beans Nantilah klo event perdukunan udah kelar ğŸ˜‚;0;user user user user user nantilah klo event perdukunan udah kelar;['user', 'user', 'user', 'user', 'user', 'nantilah', 'klo', 'event', 'perdukunan', 'udah', 'kelar'];['user', 'user', 'user', 'user', 'user', 'nantilah', 'kalau', 'event', 'perdukunan', 'sudah', 'selesai'];user user user user user nantilah kalau event perdukunan sudah selesai
66;"@omponxxx @Bybit_NFT @isyanasarasvati @sitompulfahmi @beans57beans Guriihh um.
Dirimu kapan balik ke DCğŸ§";0;user user user user user guriihh um dirimu kapan balik ke dc;['user', 'user', 'user', 'user', 'user', 'guriihh', 'um', 'dirimu', 'kapan', 'balik', 'ke', 'dc'];['user', 'user', 'user', 'user', 'user', 'guriihh', 'um', 'dirimu', 'kapan', 'balik', 'ke', 'dc'];user user user user user guriihh um dirimu kapan balik ke dc
67;@omponxxx @Bybit_NFT @isyanasarasvati @sitompulfahmi @beans57beans Udh um. Dapet juga ga?;0;user user user user user udh um dapet juga ga;['user', 'user', 'user', 'user', 'user', 'udh', 'um', 'dapet', 'juga', 'ga'];['user', 'user', 'user', 'user', 'user', 'sudah', 'um', 'mendapat', 'juga', 'tidak'];user user user user user sudah um mendapat juga tidak
68;@lailatulllll @Bybit_NFT @isyanasarasvati @sitompulfahmi @beans57beans Okse udah dijual semuanya om?;0;user user user user user okse udah dijual semuanya om;['user', 'user', 'user', 'user', 'user', 'okse', 'udah', 'dijual', 'semuanya', 'om'];['user', 'user', 'user', 'user', 'user', 'okse', 'sudah', 'dijual', 'semuanya', 'om'];user user user user user okse sudah dijual semuanya om
69;"@xeexoxeeeeeee @isyanasarasvati Iyee.. tadi uda mau kaget, mau selebrasi.. 
Eh tertanyaaaaa ğŸ˜­ğŸ˜­";0;user user iyee tadi uda mau kaget mau selebrasi eh tertanyaaaaa;['user', 'user', 'iyee', 'tadi', 'uda', 'mau', 'kaget', 'mau', 'selebrasi', 'eh', 'tertanyaaaaa'];['user', 'user', 'iyee', 'tadi', 'sudah', 'mau', 'kaget', 'mau', 'selebrasi', 'eh', 'tertanyaaaaa'];user user iyee tadi sudah mau kaget mau selebrasi eh tertanyaaaaa
70;@LittleCaib @isyanasarasvati Dupe nya wkwkwk;0;user user dupe nya wkwkwk;['user', 'user', 'dupe', 'nya', 'wkwkwk'];['user', 'user', 'dupe', 'nya', 'wkwkwk'];user user dupe nya wkwkwk
71;"@xeexoxeeeeeee @isyanasarasvati Wooy.. beneran di baca sama isyana!!
 tapi ga Sarasvati ğŸ˜­
https://t.co/l6QKSf6X5G";0;user user wooy beneran di baca sama isyana tapi ga sarasvati col6qksf6x5g;['user', 'user', 'wooy', 'beneran', 'di', 'baca', 'sama', 'isyana', 'tapi', 'ga', 'sarasvati', 'col6qksf6x5g'];['user', 'user', 'wooy', 'serius', 'di', 'baca', 'sama', 'isyana', 'tapi', 'tidak', 'sarasvati', 'col6qksf6x5g'];user user wooy serius di baca sama isyana tapi tidak sarasvati col6qksf6x5g
72;"RT @DealovaAbimanyu: Ini sumpah keren banget.... 
@daratista_inul @isyanasarasvati @DEADSQUAD_Band 
#Inul #Isyana #DeadSquad #incollaboratiâ€¦";0;rt user ini sumpah keren banget user user user hashtag inul hashtag hashtag isyana hashtag hashtag dead squad hashtag hashtag in collaborati hashtag;['rt', 'user', 'ini', 'sumpah', 'keren', 'banget', 'user', 'user', 'user', 'hashtag', 'inul', 'hashtag', 'hashtag', 'isyana', 'hashtag', 'hashtag', 'dead', 'squad', 'hashtag', 'hashtag', 'in', 'collaborati', 'hashtag'];['rt', 'user', 'ini', 'sumpah', 'keren', 'banget', 'user', 'user', 'user', 'hashtag', 'inul', 'hashtag', 'hashtag', 'isyana', 'hashtag', 'hashtag', 'dead', 'squad', 'hashtag', 'hashtag', 'in', 'collaborati', 'hashtag'];rt user ini sumpah keren banget user user user hashtag inul hashtag hashtag isyana hashtag hashtag dead squad hashtag hashtag in collaborati hashtag
73;@rizkamaliaaaaa @isyanasarasvati Aku mendukung rambutmu kaya mb Isyana;0;user user aku mendukung rambutmu kaya mb isyana;['user', 'user', 'aku', 'mendukung', 'rambutmu', 'kaya', 'mb', 'isyana'];['user', 'user', 'aku', 'mendukung', 'rambutmu', 'kaya', 'mb', 'isyana'];user user aku mendukung rambutmu kaya mb isyana
74;@Bybit_NFT @hmxnft @isyanasarasvati Anjing si cilepeung;0;user user user anjing si cilepeung;['user', 'user', 'user', 'anjing', 'si', 'cilepeung'];['user', 'user', 'user', 'anjing', 'sih', 'cilepeung'];user user user anjing sih cilepeung
75;@milanisem @indosatim3 @isyanasarasvati @BARASUARA @rendypandugo Pembelian Online Bang. Tiketnya elektronik. Kalauâ€¦ https://t.co/dPDQfxrGp2;0;user user user user user pembelian online bang tiketnya elektronik kalau codpdqfxrgp2;['user', 'user', 'user', 'user', 'user', 'pembelian', 'online', 'bang', 'tiketnya', 'elektronik', 'kalau', 'codpdqfxrgp2'];['user', 'user', 'user', 'user', 'user', 'pembelian', 'online', 'bang', 'tiketnya', 'elektronik', 'kalau', 'codpdqfxrgp2'];user user user user user pembelian online bang tiketnya elektronik kalau codpdqfxrgp2
76;"Tuhaaannâ€¦ maafkan diri ini, yang tak pernah bisa 

pergi nonton live concert. 

Aku tuh mau banget support musisi2â€¦ https://t.co/zxWKFU9hag";1;tuhaaann maafkan diri ini yang tak pernah bisa pergi nonton live concert aku tuh mau banget support musisi2 cozxwkfu9hag;['tuhaaann', 'maafkan', 'diri', 'ini', 'yang', 'tak', 'pernah', 'bisa', 'pergi', 'nonton', 'live', 'concert', 'aku', 'tuh', 'mau', 'banget', 'support', 'musisi2', 'cozxwkfu9hag'];['tuhaaann', 'maafkan', 'diri', 'ini', 'yang', 'tak', 'pernah', 'bisa', 'pergi', 'nonton', 'live', 'concert', 'aku', 'itu', 'mau', 'banget', 'support', 'musisi2', 'cozxwkfu9hag'];tuhaaann maafkan diri ini yang tak pernah bisa pergi nonton live concert aku itu mau banget support musisi2 cozxwkfu9hag
77;"RT @indosatim3: #CollabonationTour akan tiba di Pekanbaru untuk rayakan Era Baru, Jaringan Baru IM3 âœ¨

Kali ini kami akan datang bersama @iâ€¦";0;rt user hashtag collabonation tour hashtag akan tiba di pekanbaru untuk rayakan era baru jaringan baru im3 kali ini kami akan datang bersama user;['rt', 'user', 'hashtag', 'collabonation', 'tour', 'hashtag', 'akan', 'tiba', 'di', 'pekanbaru', 'untuk', 'rayakan', 'era', 'baru', 'jaringan', 'baru', 'im3', 'kali', 'ini', 'kami', 'akan', 'datang', 'bersama', 'user'];['rt', 'user', 'hashtag', 'collabonation', 'tour', 'hashtag', 'akan', 'tiba', 'di', 'pekanbaru', 'untuk', 'rayakan', 'era', 'baru', 'jaringan', 'baru', 'im3', 'kali', 'ini', 'kami', 'akan', 'datang', 'bersama', 'user'];rt user hashtag collabonation tour hashtag akan tiba di pekanbaru untuk rayakan era baru jaringan baru im3 kali ini kami akan datang bersama user
78;"RT @indosatim3: #CollabonationTour akan tiba di Pekanbaru untuk rayakan Era Baru, Jaringan Baru IM3 âœ¨

Kali ini kami akan datang bersama @iâ€¦";0;rt user hashtag collabonation tour hashtag akan tiba di pekanbaru untuk rayakan era baru jaringan baru im3 kali ini kami akan datang bersama user;['rt', 'user', 'hashtag', 'collabonation', 'tour', 'hashtag', 'akan', 'tiba', 'di', 'pekanbaru', 'untuk', 'rayakan', 'era', 'baru', 'jaringan', 'baru', 'im3', 'kali', 'ini', 'kami', 'akan', 'datang', 'bersama', 'user'];['rt', 'user', 'hashtag', 'collabonation', 'tour', 'hashtag', 'akan', 'tiba', 'di', 'pekanbaru', 'untuk', 'rayakan', 'era', 'baru', 'jaringan', 'baru', 'im3', 'kali', 'ini', 'kami', 'akan', 'datang', 'bersama', 'user'];rt user hashtag collabonation tour hashtag akan tiba di pekanbaru untuk rayakan era baru jaringan baru im3 kali ini kami akan datang bersama user
79;@sitompulfahmi @lailatulllll @Bybit_NFT @isyanasarasvati @beans57beans Oh tentu tidak ğŸ¤£ holy #1;0;user user user user user oh tentu tidak holy number;['user', 'user', 'user', 'user', 'user', 'oh', 'tentu', 'tidak', 'holy', 'number'];['user', 'user', 'user', 'user', 'user', 'oh', 'tentu', 'tidak', 'holy', 'number'];user user user user user oh tentu tidak holy number
80;@omponxxx @lailatulllll @Bybit_NFT @isyanasarasvati @beans57beans Secepat itu kamu melupakan Holy;0;user user user user user secepat itu kamu melupakan holy;['user', 'user', 'user', 'user', 'user', 'secepat', 'itu', 'kamu', 'melupakan', 'holy'];['user', 'user', 'user', 'user', 'user', 'secepat', 'itu', 'kamu', 'melupakan', 'holy'];user user user user user secepat itu kamu melupakan holy
81;RT @nftkompas: Obrolan dalam Twitter Spaces bersama @SuperlativeSS, @AriefWitjaksana, @isyanasarasvati, @helmantaofani , @strpws juga dilipâ€¦;0;rt user obrolan dalam twitter spaces bersama user user user user user juga dilip;['rt', 'user', 'obrolan', 'dalam', 'twitter', 'spaces', 'bersama', 'user', 'user', 'user', 'user', 'user', 'juga', 'dilip'];['rt', 'user', 'obrolan', 'dalam', 'twitter', 'spaces', 'bersama', 'user', 'user', 'user', 'user', 'user', 'juga', 'dilip'];rt user obrolan dalam twitter spaces bersama user user user user user juga dilip
82;RT @nftkompas: Obrolan dalam Twitter Spaces bersama @SuperlativeSS, @AriefWitjaksana, @isyanasarasvati, @helmantaofani , @strpws juga dilipâ€¦;0;rt user obrolan dalam twitter spaces bersama user user user user user juga dilip;['rt', 'user', 'obrolan', 'dalam', 'twitter', 'spaces', 'bersama', 'user', 'user', 'user', 'user', 'user', 'juga', 'dilip'];['rt', 'user', 'obrolan', 'dalam', 'twitter', 'spaces', 'bersama', 'user', 'user', 'user', 'user', 'user', 'juga', 'dilip'];rt user obrolan dalam twitter spaces bersama user user user user user juga dilip
83;@omponxxx @Bybit_NFT @isyanasarasvati @sitompulfahmi @beans57beans Bisa req lagu um ke @isyanasarasvati;0;user user user user user bisa req lagu um ke user;['user', 'user', 'user', 'user', 'user', 'bisa', 'req', 'lagu', 'um', 'ke', 'user'];['user', 'user', 'user', 'user', 'user', 'bisa', 'req', 'lagu', 'um', 'ke', 'user'];user user user user user bisa req lagu um ke user
84;"RT @indosatim3: #CollabonationTour akan tiba di Pekanbaru untuk rayakan Era Baru, Jaringan Baru IM3 âœ¨

Kali ini kami akan datang bersama @iâ€¦";0;rt user hashtag collabonation tour hashtag akan tiba di pekanbaru untuk rayakan era baru jaringan baru im3 kali ini kami akan datang bersama user;['rt', 'user', 'hashtag', 'collabonation', 'tour', 'hashtag', 'akan', 'tiba', 'di', 'pekanbaru', 'untuk', 'rayakan', 'era', 'baru', 'jaringan', 'baru', 'im3', 'kali', 'ini', 'kami', 'akan', 'datang', 'bersama', 'user'];['rt', 'user', 'hashtag', 'collabonation', 'tour', 'hashtag', 'akan', 'tiba', 'di', 'pekanbaru', 'untuk', 'rayakan', 'era', 'baru', 'jaringan', 'baru', 'im3', 'kali', 'ini', 'kami', 'akan', 'datang', 'bersama', 'user'];rt user hashtag collabonation tour hashtag akan tiba di pekanbaru untuk rayakan era baru jaringan baru im3 kali ini kami akan datang bersama user
85;RT @srikumoro: Tulisan ringan soal NFT di @hariankompas hari ini. Nyinggung soal pameran @nftkompas di @SuperlativeSS dan rencana launchingâ€¦;0;rt user tulisan ringan soal nft di user hari ini nyinggung soal pameran user di user dan rencana launching;['rt', 'user', 'tulisan', 'ringan', 'soal', 'nft', 'di', 'user', 'hari', 'ini', 'nyinggung', 'soal', 'pameran', 'user', 'di', 'user', 'dan', 'rencana', 'launching'];['rt', 'user', 'tulisan', 'ringan', 'soal', 'nft', 'di', 'user', 'hari', 'ini', 'nyinggung', 'soal', 'pameran', 'user', 'di', 'user', 'dan', 'rencana', 'launching'];rt user tulisan ringan soal nft di user hari ini nyinggung soal pameran user di user dan rencana launching
86;RT @nftkompas: Obrolan dalam Twitter Spaces bersama @SuperlativeSS, @AriefWitjaksana, @isyanasarasvati, @helmantaofani , @strpws juga dilipâ€¦;0;rt user obrolan dalam twitter spaces bersama user user user user user juga dilip;['rt', 'user', 'obrolan', 'dalam', 'twitter', 'spaces', 'bersama', 'user', 'user', 'user', 'user', 'user', 'juga', 'dilip'];['rt', 'user', 'obrolan', 'dalam', 'twitter', 'spaces', 'bersama', 'user', 'user', 'user', 'user', 'user', 'juga', 'dilip'];rt user obrolan dalam twitter spaces bersama user user user user user juga dilip
87;Obrolan dalam Twitter Spaces bersama @SuperlativeSS, @AriefWitjaksana, @isyanasarasvati, @helmantaofani , @strpws jâ€¦ https://t.co/naGyx6Vklc;0;obrolan dalam twitter spaces bersama user user user user user conagyx6vklc;['obrolan', 'dalam', 'twitter', 'spaces', 'bersama', 'user', 'user', 'user', 'user', 'user', 'conagyx6vklc'];['obrolan', 'dalam', 'twitter', 'spaces', 'bersama', 'user', 'user', 'user', 'user', 'user', 'conagyx6vklc'];obrolan dalam twitter spaces bersama user user user user user conagyx6vklc
88;Tulisan ringan soal NFT di @hariankompas hari ini. Nyinggung soal pameran @nftkompas di @SuperlativeSS dan rencanaâ€¦ https://t.co/2s2XJUHB3W;0;tulisan ringan soal nft di user hari ini nyinggung soal pameran user di user dan rencana co2s2xjuhb3w;['tulisan', 'ringan', 'soal', 'nft', 'di', 'user', 'hari', 'ini', 'nyinggung', 'soal', 'pameran', 'user', 'di', 'user', 'dan', 'rencana', 'co2s2xjuhb3w'];['tulisan', 'ringan', 'soal', 'nft', 'di', 'user', 'hari', 'ini', 'nyinggung', 'soal', 'pameran', 'user', 'di', 'user', 'dan', 'rencana', 'co2s2xjuhb3w'];tulisan ringan soal nft di user hari ini nyinggung soal pameran user di user dan rencana co2s2xjuhb3w
89;"RT @indosatim3: #CollabonationTour akan tiba di Pekanbaru untuk rayakan Era Baru, Jaringan Baru IM3 âœ¨

Kali ini kami akan datang bersama @iâ€¦";0;rt user hashtag collabonation tour hashtag akan tiba di pekanbaru untuk rayakan era baru jaringan baru im3 kali ini kami akan datang bersama user;['rt', 'user', 'hashtag', 'collabonation', 'tour', 'hashtag', 'akan', 'tiba', 'di', 'pekanbaru', 'untuk', 'rayakan', 'era', 'baru', 'jaringan', 'baru', 'im3', 'kali', 'ini', 'kami', 'akan', 'datang', 'bersama', 'user'];['rt', 'user', 'hashtag', 'collabonation', 'tour', 'hashtag', 'akan', 'tiba', 'di', 'pekanbaru', 'untuk', 'rayakan', 'era', 'baru', 'jaringan', 'baru', 'im3', 'kali', 'ini', 'kami', 'akan', 'datang', 'bersama', 'user'];rt user hashtag collabonation tour hashtag akan tiba di pekanbaru untuk rayakan era baru jaringan baru im3 kali ini kami akan datang bersama user
90;"RT @indosatim3: #CollabonationTour akan tiba di Pekanbaru untuk rayakan Era Baru, Jaringan Baru IM3 âœ¨

Kali ini kami akan datang bersama @iâ€¦";0;rt user hashtag collabonation tour hashtag akan tiba di pekanbaru untuk rayakan era baru jaringan baru im3 kali ini kami akan datang bersama user;['rt', 'user', 'hashtag', 'collabonation', 'tour', 'hashtag', 'akan', 'tiba', 'di', 'pekanbaru', 'untuk', 'rayakan', 'era', 'baru', 'jaringan', 'baru', 'im3', 'kali', 'ini', 'kami', 'akan', 'datang', 'bersama', 'user'];['rt', 'user', 'hashtag', 'collabonation', 'tour', 'hashtag', 'akan', 'tiba', 'di', 'pekanbaru', 'untuk', 'rayakan', 'era', 'baru', 'jaringan', 'baru', 'im3', 'kali', 'ini', 'kami', 'akan', 'datang', 'bersama', 'user'];rt user hashtag collabonation tour hashtag akan tiba di pekanbaru untuk rayakan era baru jaringan baru im3 kali ini kami akan datang bersama user
91;@isyanasarasvati Penyanyi sekaligus pelawak favoritkuu..;0;user penyanyi sekaligus pelawak favoritkuu;['user', 'penyanyi', 'sekaligus', 'pelawak', 'favoritkuu'];['user', 'penyanyi', 'sekaligus', 'pelawak', 'favoritkuu'];user penyanyi sekaligus pelawak favoritkuu
92;@isyanasarasvati Pasti seru bgt nih nft isyana.. ğŸ˜;0;user pasti seru bgt nih nft isyana;['user', 'pasti', 'seru', 'bgt', 'nih', 'nft', 'isyana'];['user', 'pasti', 'seru', 'banget', 'ini', 'nft', 'isyana'];user pasti seru banget ini nft isyana
93;"RT @srikumoro: Monggo dipun waos. 
Cc: @nftkompas @isyanasarasvati
@SuperlativeSS
NFT, Dunia Digital Rasa Analog
https://t.co/ZercC7kAoPâ€¦";0;rt user monggo dipun waos cc user user user nft dunia digital rasa analog cozercc7kaop;['rt', 'user', 'monggo', 'dipun', 'waos', 'cc', 'user', 'user', 'user', 'nft', 'dunia', 'digital', 'rasa', 'analog', 'cozercc7kaop'];['rt', 'user', 'monggo', 'dipun', 'waos', 'cc', 'user', 'user', 'user', 'nft', 'dunia', 'digital', 'rasa', 'analog', 'cozercc7kaop'];rt user monggo dipun waos cc user user user nft dunia digital rasa analog cozercc7kaop
94;@priyombodo @nftkompas @isyanasarasvati @SuperlativeSS Suwun lek;0;user user user user suwun lek;['user', 'user', 'user', 'user', 'suwun', 'lek'];['user', 'user', 'user', 'user', 'suwun', 'lek'];user user user user suwun lek
95;@srikumoro @nftkompas @isyanasarasvati @SuperlativeSS Menarik dibaca;0;user user user user menarik dibaca;['user', 'user', 'user', 'user', 'menarik', 'dibaca'];['user', 'user', 'user', 'user', 'menarik', 'dibaca'];user user user user menarik dibaca
96;@isyanasarasvati Wow keren kak . Semangat terus berkarya;1;user wow keren kak semangat terus berkarya;['user', 'wow', 'keren', 'kak', 'semangat', 'terus', 'berkarya'];['user', 'wow', 'keren', 'kak', 'semangat', 'terus', 'berkarya'];user wow keren kak semangat terus berkarya
97;"Monggo dipun waos. 
Cc: @nftkompas @isyanasarasvati
@SuperlativeSS
NFT, Dunia Digital Rasa Analogâ€¦ https://t.co/vJjwq1RkSn";0;monggo dipun waos cc user user user nft dunia digital rasa analog covjjwq1rksn;['monggo', 'dipun', 'waos', 'cc', 'user', 'user', 'user', 'nft', 'dunia', 'digital', 'rasa', 'analog', 'covjjwq1rksn'];['monggo', 'dipun', 'waos', 'cc', 'user', 'user', 'user', 'nft', 'dunia', 'digital', 'rasa', 'analog', 'covjjwq1rksn'];monggo dipun waos cc user user user nft dunia digital rasa analog covjjwq1rksn
98;"@isyanasarasvati Pasti keren &amp; laris nih";0;user pasti keren laris nih;['user', 'pasti', 'keren', 'laris', 'nih'];['user', 'pasti', 'keren', 'laris', 'ini'];user pasti keren laris ini
99;"#CollabonationTour akan tiba di Pekanbaru untuk rayakan Era Baru, Jaringan Baru IM3 âœ¨

Kali ini kami akan datang beâ€¦ https://t.co/YyfgWD5xeo";0;hashtag collabonation tour hashtag akan tiba di pekanbaru untuk rayakan era baru jaringan baru im3 kali ini kami akan datang be coyyfgwd5xeo;['hashtag', 'collabonation', 'tour', 'hashtag', 'akan', 'tiba', 'di', 'pekanbaru', 'untuk', 'rayakan', 'era', 'baru', 'jaringan', 'baru', 'im3', 'kali', 'ini', 'kami', 'akan', 'datang', 'be', 'coyyfgwd5xeo'];['hashtag', 'collabonation', 'tour', 'hashtag', 'akan', 'tiba', 'di', 'pekanbaru', 'untuk', 'rayakan', 'era', 'baru', 'jaringan', 'baru', 'im3', 'kali', 'ini', 'kami', 'akan', 'datang', 'be', 'coyyfgwd5xeo'];hashtag collabonation tour hashtag akan tiba di pekanbaru untuk rayakan era baru jaringan baru im3 kali ini kami akan datang be coyyfgwd5xeo
